{
  "activateSkinCapeForUserVersion": false,
  "skipHashsumValidation": false,
  "additionalFiles": [
    {
      "sha1": "150346d1c0b4acec0b4eb7f58b86e3ea1aa730f3",
      "size": 7123832,
      "path": "libraries/net/minecraft/client/1.19-20220607.102129/client-1.19-20220607.102129-mappings.txt",
      "url": "http://res.tlauncher.org/unb/libraries/cache/net/minecraft/client/1.19-20220607.102129/client-1.19-20220607.102129-mappings.txt"
    },
    {
      "sha1": "fccc071b9a5431b020297df2b9032c91feca8b34",
      "size": 17078871,
      "path": "libraries/net/minecraft/client/1.19-20220607.102129/client-1.19-20220607.102129-srg.jar",
      "url": "http://res.tlauncher.org/unb/libraries/cache/net/minecraft/client/1.19-20220607.102129/client-1.19-20220607.102129-srg.jar"
    },
    {
      "sha1": "cbf5f5b4d923c882fe53af304ad6a2089ea685b2",
      "size": 9992704,
      "path": "libraries/net/minecraft/client/1.19-20220607.102129/client-1.19-20220607.102129-extra.jar",
      "url": "http://res.tlauncher.org/unb/libraries/cache/net/minecraft/client/1.19-20220607.102129/client-1.19-20220607.102129-extra.jar"
    },
    {
      "sha1": "921f492f1ed1431f6378d3dc10d9d06bc8e5422b",
      "size": 11469703,
      "path": "libraries/net/minecraft/client/1.19-20220607.102129/client-1.19-20220607.102129-slim.jar",
      "url": "http://res.tlauncher.org/unb/libraries/cache/net/minecraft/client/1.19-20220607.102129/client-1.19-20220607.102129-slim.jar"
    },
    {
      "sha1": "9d4d2be0e0dea616fdac0bdcc0d29c14579d2dad",
      "size": 5147165,
      "path": "libraries/net/minecraftforge/forge/1.19-41.0.100/forge-1.19-41.0.100-client.jar",
      "url": "http://res.tlauncher.org/unb/libraries/cache/net/minecraftforge/forge/1.19-41.0.100/forge-1.19-41.0.100-client.jar"
    },
    {
      "sha1": "35b72bd245b9fb3a7555e31a00911a6cdf878ef0",
      "size": 2494160,
      "path": "libraries/net/minecraftforge/forge/1.19-41.0.100/forge-1.19-41.0.100-universal.jar",
      "url": "http://res.tlauncher.org/unb/libraries/cache/net/minecraftforge/forge/1.19-41.0.100/forge-1.19-41.0.100-universal.jar"
    },
    {
      "sha1": "bdd032ace6ad35b6820f4a137f01280a5bfd696c",
      "size": 111912,
      "path": "libraries/net/minecraftforge/fmlcore/1.19-41.0.100/fmlcore-1.19-41.0.100.jar",
      "url": "http://res.tlauncher.org/unb/libraries/cache/net/minecraftforge/fmlcore/1.19-41.0.100/fmlcore-1.19-41.0.100.jar"
    },
    {
      "sha1": "ec1320e9bc46bc294352eedc05310259428ece2c",
      "size": 16325,
      "path": "libraries/net/minecraftforge/javafmllanguage/1.19-41.0.100/javafmllanguage-1.19-41.0.100.jar",
      "url": "http://res.tlauncher.org/unb/libraries/cache/net/minecraftforge/javafmllanguage/1.19-41.0.100/javafmllanguage-1.19-41.0.100.jar"
    },
    {
      "sha1": "70d738d68fe2b0e6961246060bdb36e5aa2948c7",
      "size": 4984,
      "path": "libraries/net/minecraftforge/mclanguage/1.19-41.0.100/mclanguage-1.19-41.0.100.jar",
      "url": "http://res.tlauncher.org/unb/libraries/cache/net/minecraftforge/mclanguage/1.19-41.0.100/mclanguage-1.19-41.0.100.jar"
    },
    {
      "sha1": "f531aa10ce148d0f55175496e9a6acf55b8dcb6d",
      "size": 7380,
      "path": "libraries/net/minecraftforge/lowcodelanguage/1.19-41.0.100/lowcodelanguage-1.19-41.0.100.jar",
      "url": "http://res.tlauncher.org/unb/libraries/cache/net/minecraftforge/lowcodelanguage/1.19-41.0.100/lowcodelanguage-1.19-41.0.100.jar"
    }
  ],
  "tlauncherVersion": 0,
  "modpack": {
    "modpackMemory": false,
    "memory": 0,
    "id": -178682070902300,
    "name": "server",
    "favorite": false,
    "version": {
      "mods": [
        {
          "stateGameElement": "active",
          "id": 10000020,
          "name": "TL skin and cape",
          "favorite": false,
          "version": {
            "id": 11000372,
            "name": "1.4",
            "metadata": {
              "sha1": "d0483ac68cbeea22d6a2c46984c4cc7de4d3ce42",
              "size": 193898,
              "path": "mods/tlskincape1.12.2-1.4.jar",
              "url": "/mods/10000020/11000372/tlskincape1.12.2-1.4.jar"
            },
            "available": false
          },
          "userInstall": false,
          "populateStatus": false,
          "available": false
        },
        {
          "stateGameElement": "active",
          "id": 9999999,
          "name": "OptiFine",
          "favorite": false,
          "version": {
            "id": 11001818,
            "name": "OptiFine-1.12.2_HD_U_G5",
            "metadata": {
              "sha1": "db971767e460269f2317bb5df57d8f522be65e2c",
              "size": 2457427,
              "path": "mods/OptiFine-1.12.2_HD_U_G5.jar",
              "url": "/mods/9999999/11001818/OptiFine-1.12.2_HD_U_G5.jar"
            },
            "available": false
          },
          "userInstall": false,
          "populateStatus": false,
          "available": false
        },
        {
          "stateGameElement": "active",
          "id": 238222,
          "name": "Just Enough Items (JEI)",
          "favorite": false,
          "version": {
            "id": 3043174,
            "name": "jei_1.12.2-4.16.1.302",
            "metadata": {
              "sha1": "3e88d2896ca868c3cedb65e117ad3a1b82488fa8",
              "size": 653210,
              "path": "mods/jei_1.12.2-4.16.1.302.jar",
              "url": "/mods/238222/3043174/jei_1.12.2-4.16.1.302.jar"
            },
            "available": false
          },
          "userInstall": false,
          "populateStatus": false,
          "available": false
        },
        {
          "stateGameElement": "active",
          "id": 32274,
          "name": "JourneyMap",
          "favorite": false,
          "version": {
            "id": 2916002,
            "name": "journeymap-1.12.2-5.7.1",
            "metadata": {
              "sha1": "3da4323f71bcadcf140002a9f49578f0cd5ce8a8",
              "size": 6990968,
              "path": "mods/journeymap-1.12.2-5.7.1.jar",
              "url": "/mods/32274/2916002/journeymap-1.12.2-5.7.1.jar"
            },
            "available": false
          },
          "userInstall": false,
          "populateStatus": false,
          "dependencies": [
            {
              "gameType": "mod",
              "id": 226005,
              "name": "JourneyMap Tools",
              "gameEntityId": 226005,
              "dependencyType": "required"
            }
          ],
          "available": false
        },
        {
          "stateGameElement": "active",
          "id": 263420,
          "name": "Xaero's Minimap",
          "favorite": false,
          "version": {
            "id": 3876758,
            "name": "v22.12.0 for Forge 1.12.2",
            "metadata": {
              "sha1": "ec0bed6e3e7d6e0e3daff18a7ef926a45566b88d",
              "size": 1392902,
              "path": "mods/Xaeros_Minimap_22.12.0_Forge_1.12.jar",
              "url": "/mods/263420/3876758/Xaeros_Minimap_22.12.0_Forge_1.12.jar"
            },
            "available": false
          },
          "userInstall": false,
          "populateStatus": false,
          "dependencies": [
            {
              "gameType": "mod",
              "id": 636608,
              "name": "Open Parties and Claims",
              "gameEntityId": 636608,
              "dependencyType": "required"
            }
          ],
          "available": false
        }
      ],
      "resourcePacks": [],
      "maps": [],
      "shaderpacks": [],
      "gameVersionDTO": {
        "id": 1,
        "name": "1.12.2"
      },
      "forgeVersionDTO": {
        "id": 3272,
        "name": "41.0.100"
      },
      "id": -178682071128401,
      "name": "1.0",
      "available": false
    },
    "userInstall": false,
    "populateStatus": false,
    "available": false
  },
  "source": "local_version_repo",
  "jar": "1.19",
  "skinVersion": true
}